Locality,2013,2014,2015,2016,2017,2018,2019,2020,2021,2022,2023,Change Percentage  13-23
ABBOTSFORD,792500,862500,925000,1187500,1280000,1192500,1050000,1200000,1365000,1346000,1250000,58
ABERFELDIE,947500,1045000,1207500,1300000,1471000,1498500,1390000,1520000,1858000,1900000,1631000,72
AINTREE,-,-,600000,600000,571000,557500,575000,616000,713500,756000,748000,NA
AIREYS INLET,664000,625500,680000,715000,737500,869000,985000,1132500,1775000,1725000,1675000,152
AIRPORT WEST,532000,575000,635000,742000,845000,845000,795000,812500,960000,911000,945000,78
ALBANVALE,313000,328000,345000,439000,526500,546000,512000,545000,610000,600000,595000,90
ALBERT PARK,1360000,1503000,1700000,1775000,2150000,2070000,1990000,1900000,2355000,2475000,2202500,62
ALBION,379000,432000,481000,593000,730000,755000,675000,727500,832500,830000,765000,102
ALEXANDRA,261000,247500,285000,275000,291500,335000,325000,380000,440000,550000,477500,83
ALFREDTON,361500,362000,340500,375000,412500,439000,480000,512000,605000,650000,640000,77
ALLANSFORD,310000,242500,259000,275000,280000,245000,300000,371000,445000,573500,600000,94
ALPHINGTON,1080000,1029000,1296500,1272500,1560000,1612500,1455000,1865000,2280000,2195000,2076000,92
ALTONA,572500,646500,718000,832500,950000,932500,890000,914000,1162500,1180000,1135000,98
ALTONA EAST,561500,605000,650000,800000,900000,909000,857500,870000,980000,1100000,1025000,83
ALTONA MEADOWS,390000,413000,440000,495000,626500,631500,615000,640000,720000,740000,690000,77
ALTONA NORTH,510000,555000,642500,725000,825000,835000,790000,830000,905000,942500,880500,73
ANGLESEA,550000,612500,635000,652500,788000,870000,915000,1100000,1440000,1717500,1550000,182
APOLLO BAY,450000,457500,435000,480000,545000,555000,915000,710000,924500,1000000,1080000,140
ARARAT,180000,200000,210000,204500,199000,199000,215000,244000,313000,380000,375000,109
ARDEER,330000,360000,381500,517500,595000,629000,572000,615000,719000,682000,628500,90
ARMADALE,1675000,1750000,2172500,2364000,2300000,2341500,2490000,2625000,2700000,2735500,2585000,54
ARMSTRONG CREEK,467500,441500,440000,450000,471000,535000,529500,545500,660000,720000,675000,44
ASCOT (GREATER BENDIGO),349500,344500,350000,371000,358000,380000,415500,470000,562500,595000,609500,74
ASCOT VALE,735000,810000,885000,1010000,1185000,1197500,1100000,1210000,1245000,1325000,1300500,77
ASHBURTON,1000000,1200000,1435000,1567500,1812500,1712500,1641500,1600000,2000000,1986000,1992500,99
ASHWOOD,775000,888000,1140000,1230000,1359000,1210000,1100000,1250500,1450000,1567500,1455000,88
ASPENDALE,620000,690000,795500,891000,1125000,980000,994000,1120000,1321500,1440000,1332500,115
ASPENDALE GARDENS,586500,632000,715000,775000,882500,935000,844000,970000,1130500,1150000,1117000,90
ATTWOOD,540000,515000,620000,660000,742500,750000,767500,750000,970000,990500,950000,76
AVENEL,231000,302000,245000,250000,355000,349000,370000,450000,455000,497500,555000,140
AVOCA,182500,180000,182500,165000,212500,220000,219500,290000,325000,375000,350000,92
AVONDALE HEIGHTS,532500,562500,650000,750000,845500,830000,810000,842500,965500,990000,936000,76
AVONSLEIGH,420000,355000,397500,501000,562000,540000,532500,615000,752500,837500,725000,73
AXEDALE,240000,357500,327500,340000,350000,355000,387500,390000,505000,520000,515000,115
BACCHUS MARSH,335500,348000,355000,376000,415500,480000,500000,520000,597000,665000,640000,91
BADGER CREEK,315000,325000,345000,379000,465000,500000,498000,550000,665000,715000,732500,133
BAIRNSDALE,235000,244000,246500,255000,272500,279000,274000,290000,350000,440000,435000,85
BALACLAVA,860500,942000,1100000,1242500,1385500,1190000,1405000,1418000,1550000,1560000,1500000,74
BALCOMBE,710000,737000,871000,950000,1100000,1240000,1125000,1300000,1750000,1852500,1758500,148
BALLAN,352000,330000,359000,370000,417000,462000,450000,505000,603500,640000,607500,73
BALLARAT CENTRAL,322000,327500,353000,385000,430000,447500,515000,560000,710000,687500,607500,89
BALLARAT EAST,265000,265000,275000,295000,310000,340000,360000,398000,490000,530000,512500,93
BALLARAT NORTH,296000,312000,315000,339500,346500,389000,417500,425000,566500,627500,620000,109
BALNARRING,525000,544000,595000,670000,815000,814500,825000,938500,1275000,1330000,1250000,138
BALNARRING BEACH,750000,700000,887500,904000,890000,1115000,1275000,1250000,1635000,1847500,2400000,220
BALWYN,1530000,1780000,2210000,2180000,2340000,2420000,2377500,2260000,2750000,2862000,2985000,95
BALWYN NORTH,1240000,1452000,1850000,1800000,1950000,1810000,1720000,1900000,2255500,2229000,2405000,94
BANDIANA,339000,355000,377500,370000,375000,390000,374000,380000,447000,599500,599000,77
BANNOCKBURN,370000,405000,393000,382000,430000,487500,530000,555000,680000,729500,710000,92
BARANDUDA,345000,330000,323000,350000,350000,403500,395000,436000,487000,650000,610000,77
BARWON HEADS,742500,715000,775000,842500,916000,965000,1024000,1280000,1590000,1800000,1823000,146
BAXTER,330500,325000,340000,403000,530000,542500,530000,567500,710000,717500,692500,110
BAYSWATER,458500,525000,632500,693000,800500,753000,720000,745500,870000,902000,871000,90
BAYSWATER NORTH,468500,490000,580000,628000,737500,713000,695000,731000,855500,869500,840500,79
BEACONSFIELD,486500,525000,559000,585000,694500,730000,685000,711000,892000,940000,915000,88
BEACONSFIELD UPPER,470000,507500,602500,630000,725500,903500,787500,818000,900000,1205000,1202500,156
BEAUFORT,186000,220000,205000,237500,220000,225000,242500,325000,390000,415000,405000,118
BEAUMARIS,1072000,1129500,1345000,1455000,1611000,1674000,1587500,1725000,2100000,2061000,2040000,90
BEECHWORTH,295000,295000,332000,345000,399000,400000,478500,487500,645000,707000,730000,147
BELGRAVE,410000,426000,482500,545000,620000,676000,636000,680000,784000,850000,815000,99
BELGRAVE HEIGHTS,430000,480000,590500,624000,687500,701500,685000,737500,902500,1055500,850000,98
BELGRAVE SOUTH,548000,541000,555500,565000,689000,782500,665500,845000,1085000,919000,1125000,105
BELL PARK,314000,323500,340000,360000,400000,452500,482000,500000,620500,640000,610000,94
BELL POST HILL,328000,333500,344500,355000,435000,487000,475000,507000,657500,675000,620000,89
BELLFIELD (BANYULE),516000,582500,700000,778000,897000,882500,790000,775000,992500,965000,944000,83
BENALLA,228000,235500,222500,231500,250000,284000,290000,302000,394000,430500,430000,89
BENDIGO,340000,376500,372000,400000,400000,400000,420000,500000,600000,690000,540000,59
BENTLEIGH,900000,1050000,1245000,1380000,1470000,1394000,1376000,1510000,1742500,1723000,1690000,88
BENTLEIGH EAST,750000,850000,1000500,1115000,1256000,1205000,1200000,1255000,1480000,1490000,1430000,91
BERWICK,453000,487500,535000,583000,670000,690000,670000,700000,812000,870000,855000,89
BEVERIDGE,396000,351500,400000,430000,495000,540000,580000,531000,630000,650000,650000,64
BIRCHIP,120000,90000,121500,55000,100000,100000,108500,121500,130000,170000,225000,88
BIRREGURRA,255000,337500,302500,345000,382500,412500,463000,489500,692500,700000,850000,233
BITTERN,402000,390000,382500,464000,526500,650000,577500,630000,750000,832500,850000,111
BLACK HILL,283500,321500,300000,315000,370000,405000,492500,491000,550000,642500,626000,121
BLACK ROCK,1237500,1400000,1545000,1745000,2017500,2029000,1793000,1920000,2600000,2565000,2287500,85
BLACKBURN,860500,936000,1200500,1241000,1410000,1370500,1305000,1405000,1639500,1549500,1600000,86
BLACKBURN NORTH,692000,790000,921500,1040000,1140500,1038000,1017500,1090000,1300000,1230000,1284500,86
BLACKBURN SOUTH,697500,780000,920500,1050000,1200000,1063500,1034000,1100500,1338500,1288000,1350000,94
BLAIRGOWRIE,609000,627500,621500,770000,883000,990500,921500,1143500,1562500,1725000,1657500,172
BLIND BIGHT,362500,343000,401000,440000,514000,546000,552500,570000,668500,705000,806000,122
BONBEACH,580000,635000,700000,778000,882500,910000,855000,930000,1115000,1177500,1105000,91
BONNIE BROOK,-,-,-,-,-,-,-,307000,492500,645000,671500,NA
BONNIE DOON,250000,275000,290000,290000,315000,417500,410000,372500,565000,670000,630000,152
BONSHAW,-,309000,309000,322500,235000,400000,379000,435000,525000,565000,560000,0
BOOLARRA,196500,260000,212500,202500,255000,250000,247500,255000,355000,362500,450000,129
BOORT,157500,162500,130000,200500,215000,180000,185000,165000,240000,227500,270000,71
BORONIA,459500,500500,592500,648500,735000,742500,680000,715000,845000,830000,855000,86
BOTANIC RIDGE,492000,519000,565000,600000,690000,730000,700000,727000,847000,920000,872500,77
BOX HILL,855000,1067000,1350000,1360500,1752500,1700500,1545000,1512500,1630500,1726000,1680000,96
BOX HILL NORTH,746000,857500,1060000,1146000,1321000,1188000,1200000,1191500,1321000,1320000,1333000,79
BOX HILL SOUTH,785000,910000,1153000,1255000,1409000,1285500,1177500,1252500,1560000,1440000,1500000,91
BRAYBROOK,424000,479500,550000,629000,665000,728500,646500,669500,739000,794500,712000,68
BREAKWATER,255000,251500,267500,277500,335000,385000,405000,410000,534500,580000,575000,125
BRIAGOLONG,226000,200000,215000,265000,257000,264000,315000,277500,400000,415000,436500,93
BRIAR HILL,572500,633000,680000,721500,833000,880000,823500,863000,1015000,984500,1001000,75
BRIGHT,325000,339500,392500,429500,495000,590000,580000,700000,909500,1195000,1100000,238
BRIGHTON,1802500,1940000,2307500,2740000,3050000,2888000,2675000,3148500,3515000,3457500,3200000,78
BRIGHTON EAST,1230000,1300500,1600000,1750000,1890000,1880000,1700000,1950000,2265000,2316500,2425000,97
BROADFORD,291000,267000,270000,287500,330000,396500,415000,454000,505000,570000,550000,89
BROADMEADOWS,325000,345000,370000,416500,546000,575000,525500,551500,590000,600000,560000,72
BROOKFIELD,330000,350500,340000,360000,425000,491500,445000,500000,539000,570000,560000,70
BROOKLYN,491500,540000,602000,700500,834000,695000,672500,712500,850000,810000,740000,51
BROWN HILL,310000,281500,270000,338000,350000,405000,449000,487500,600000,601000,740000,139
BRUNSWICK,750000,812500,861000,947000,1200000,1100000,1037500,1100000,1350000,1330000,1300000,73
BRUNSWICK EAST,767000,820000,888000,998000,1150000,1170000,1011500,1286500,1440000,1350000,1400000,82
BRUNSWICK WEST,745000,790000,863000,1002500,1155000,1160000,1061000,1180000,1324000,1285500,1275000,71
BRUTHEN,198000,182500,205000,207000,229500,261000,229000,345000,285000,455000,470000,137
BULLEEN,780000,861000,1095000,1170000,1300000,1230000,1105000,1177000,1355000,1386000,1398000,79
BUNDALONG,337500,336500,372500,425000,373000,462000,515000,725000,674500,2519000,968000,187
BUNDOORA,530000,553500,600500,652000,753000,730000,735000,745000,865000,853000,858500,62
BUNINYONG,348000,385000,364500,381000,470000,467500,475000,587500,666000,770000,680000,95
BUNYIP,332500,325000,420000,357500,437500,550000,500500,541500,652500,750000,730000,120
BURNLEY,836000,1100000,999000,1215000,1405000,1277500,1188500,1497500,1595000,1565000,1582500,89
BURNSIDE,390000,401000,415000,518500,572500,605000,605000,660000,720000,780000,752500,93
BURNSIDE HEIGHTS,427000,442500,460000,522000,590000,633000,591000,652500,701000,749000,745000,74
BURWOOD,780000,921000,1190000,1219000,1357000,1320000,1170000,1277500,1430000,1381000,1497500,92
BURWOOD EAST,685500,782000,982500,1021000,1126500,1005000,1106000,1168500,1250500,1259000,1280000,87
CAIRNLEA,480000,545000,540000,608500,710000,734000,752500,807500,850000,941500,936500,95
CALIFORNIA GULLY,252500,262000,255000,255000,250000,275000,287000,318000,415000,463000,461000,83
CAMBERWELL,1382000,1655000,1912500,2090000,2300000,2155000,2070000,2072500,2569000,2650000,2538000,84
CAMPBELLFIELD,330000,338000,374500,420000,507000,550000,533000,537500,602500,605000,605000,83
CAMPBELLS CREEK,382000,345000,387500,426500,380000,460500,500000,522500,652500,710000,722500,89
CAMPERDOWN,220000,186000,218000,217500,240000,235000,280000,292500,362500,415000,470000,114
CANADIAN,322500,297000,345000,339000,334500,373000,375000,422500,490000,580000,535000,66
CANTERBURY,1950000,2100000,2523000,2620000,3140000,2533000,2902500,2705000,3389000,3460000,3252500,67
CAPE PATERSON,337000,332000,350000,358000,407500,442000,540000,635500,782500,880000,804500,139
CAPE SCHANCK,620000,557500,660000,667500,972500,845000,940000,1095500,1350000,2250000,1524000,146
CAPEL SOUND,350000,366000,390000,442500,542500,550000,520000,582500,775000,815000,740000,111
CARDIGAN,177500,216500,225000,225000,242500,622500,863500,727500,1090000,1150000,1045000,489
CARLTON,1002500,1020000,830000,1050000,1470000,1625000,1308000,1452500,1492500,1512500,1485000,48
CARLTON NORTH,890500,1095000,1177500,1360000,1628000,1445000,1555000,1500000,1712000,1660000,1480000,66
CARNEGIE,865000,1007500,1300000,1348500,1510000,1445000,1313500,1420000,1776000,1685000,1675000,94
CAROLINE SPRINGS,435000,460000,480000,530000,611000,620000,620000,650000,720000,750000,730500,68
CARRUM,510000,536000,611000,750000,835500,860000,770000,830500,967000,965000,1030000,102
CARRUM DOWNS,330000,346000,370000,430000,525000,575000,537000,575000,665000,705000,695000,111
CASTERTON,97500,99000,100000,126500,142000,132500,150000,161500,200000,300000,290000,197
CASTLEMAINE,372500,369500,380000,410000,435000,499000,520000,556500,680500,725000,725000,95
CAULFIELD,1172500,1322000,1650000,1715000,1885000,1701000,1762500,1818500,2060000,2079000,1786000,52
CAULFIELD NORTH,1415000,1480000,1875000,2181000,2285000,1960000,2112000,2360000,2697500,2650000,2620000,85
CAULFIELD SOUTH,1050000,1200000,1375000,1517500,1690000,1600000,1494500,1750000,1950000,1845000,1945000,85
CHADSTONE,719000,823500,925000,1017500,1131000,1050000,958000,1095000,1255000,1172500,1290000,79
CHARLEMONT,-,-,-,-,157000,455000,465000,530000,628000,650000,610000,NA
CHARLTON,120000,131000,179500,160000,136000,150000,147000,149500,195000,300000,320000,167
CHELSEA,577500,580000,730000,890000,914000,905000,856500,980000,1167500,1142500,1200000,108
CHELSEA HEIGHTS,465000,513000,598000,641000,750000,778000,750000,805000,977500,935000,906500,95
CHELTENHAM,690000,774000,867000,942500,1170000,1105000,1035000,1130000,1306000,1350000,1342000,94
CHELTENHAM EAST,600000,670000,770000,867500,982500,940000,940000,1010500,1190000,1157500,1150000,92
CHELTENHAM NORTH,583500,675000,745000,895000,1018000,925000,913000,921500,1015000,1050000,1050000,80
CHILTERN,171500,187500,220000,250000,240000,260000,223500,321000,330000,395000,390000,127
CHIRNSIDE PARK,450000,490500,542500,627000,735000,700000,680500,750000,900000,925000,900000,100
CHURCHILL,182000,178500,172500,182000,175000,180000,185000,226000,305000,360000,345000,90
CLARINDA,525000,606500,682500,751000,866000,802500,820000,851500,1024500,1060000,950000,81
CLAYTON,645000,750000,976000,1010500,1250000,1255000,1158000,1055000,1200000,1123000,1165000,81
CLAYTON NORTH,630000,850000,1100000,1100000,1234500,1330000,1377500,1330000,1300000,1345000,1306000,107
CLAYTON SOUTH,526500,580000,687500,755000,850500,850000,832000,830000,982500,975000,947500,80
CLIFTON HILL,867000,965000,1085000,1220000,1390000,1364500,1348000,1375000,1750000,1710000,1725000,99
CLIFTON SPRINGS,337500,344000,345000,365000,420000,472000,485000,518500,666000,710000,670000,99
CLUNES,219000,237500,245000,255000,263000,354000,320000,357500,450000,500000,510000,133
CLYDE,397000,406000,397000,435000,430000,505000,542500,572000,613000,682500,675500,70
CLYDE NORTH,409000,380000,410000,491000,550000,595000,570000,605000,660000,730500,720000,76
COBBLEBANK,335500,323000,318000,328000,374000,460000,480000,510000,565000,645000,642500,92
COBDEN,162500,145000,178500,177000,263000,225000,237000,272000,349000,386000,395000,143
COBRAM,218000,230000,236000,265000,255000,255000,272500,300000,370000,414000,437500,101
COBURG,633000,710000,778000,876000,1000000,966500,935500,1085000,1257500,1216500,1180000,86
COBURG EAST,560000,597500,675000,762500,865000,841500,825000,981000,1102000,1072500,1130000,102
COBURG NORTH,540000,600000,665000,780000,822000,814000,805000,899000,1008500,1020000,980000,82
COCKATOO,355000,365000,385500,430000,539500,591000,580000,610000,730500,770000,760000,114
COHUNA,139000,175000,175000,157500,180000,177500,204000,232500,260000,285000,325000,134
COLAC,226500,235000,246500,259500,282500,320000,315000,350000,420000,500000,480000,112
COLDSTREAM,385000,405000,441000,521000,597500,660000,635000,648000,767000,780000,805000,109
COLERAINE,118000,95000,96000,90000,133000,114000,144000,127000,174000,282000,207500,76
COLLINGWOOD,741000,775000,914000,920000,1205000,1110000,1060000,1155000,1251500,1302000,1225000,65
CONNEWARRE,612500,722500,800000,892000,955000,1200000,1345000,1647500,1625000,2570000,1896500,210
COOLAROO,290000,290000,302500,340000,451000,480000,441000,477000,500000,530000,530500,83
COONANS HILL,655000,728500,743000,870000,963000,927000,902500,1055000,1213000,1207500,1205000,84
COONGULLA,150000,205000,189000,185000,192000,242000,335000,285000,280000,377500,457500,205
CORINELLA,330000,270000,370000,325000,391000,450000,357500,510000,670000,777500,695000,111
CORIO,230000,242000,240000,250000,305000,370000,351500,390000,457000,520000,480000,109
CORONET BAY,251000,249000,240000,266000,325500,345000,370000,407500,522500,635000,580000,131
CORRYONG,166500,135000,160000,164000,180000,162500,236000,226500,240000,310000,320000,92
COWES,387500,357500,412500,400000,440000,541000,557500,589500,880000,875000,800000,106
COWES WEST,320000,350000,329000,353500,390000,485500,508500,545000,705000,820000,779000,143
CRAIGIEBURN,360000,362000,390000,425000,502500,546500,525000,560000,616000,660000,650000,81
CRANBOURNE,315000,331500,360000,406000,510000,540000,500000,510000,618000,660000,655000,108
CRANBOURNE EAST,390000,410000,437000,460000,535000,574500,567000,590000,670000,720000,707500,81
CRANBOURNE NORTH,370000,375000,410000,455000,541000,600000,570000,587500,653500,720000,710000,92
CRANBOURNE SOUTH,-,455000,685000,685000,600000,425000,632500,634000,710000,795000,721000,0
CRANBOURNE WEST,330000,335000,350000,410000,510500,540000,508000,510000,600000,680000,657500,99
CREMORNE,821000,886500,1030000,1072000,1230000,1420000,1290000,1410000,1500000,1315000,1335000,63
CRESWICK,245000,270000,265000,292500,311500,324000,350000,387500,500000,545000,529000,116
CRIB POINT,355000,339000,350000,402000,502500,555000,527500,578500,740000,785000,755000,113
CROYDON,470000,525000,605000,695000,809000,792500,735000,787500,920000,900000,916000,95
CROYDON HILLS,571500,606000,697000,730000,875000,877500,835000,920000,1100000,1107000,1180000,107
CROYDON NORTH,540500,600000,702500,790500,872000,840000,827500,860500,1050000,1069000,1075000,99
CROYDON SOUTH,442000,530000,600000,655000,800000,757500,715500,740000,890000,864000,885500,100
CURLEWIS,385500,382500,387000,405000,426000,495000,565000,572500,650000,705000,667500,73
DALLAS,280000,295000,321500,345000,430000,490000,451500,467500,526500,524500,512500,83
DALYSTON,245000,260000,257000,255000,273500,305000,373000,421000,536000,580000,525000,114
DANDENONG,405000,439000,485000,555500,620000,640000,601000,630000,700000,740000,687500,70
DANDENONG NORTH,390000,415500,481000,551000,633500,640000,606500,640000,729000,738500,721000,85
DANYO,54500,78500,60500,40000,84000,78500,40000,80000,117500,180000,164000,201
DARLEY,330500,360000,377500,371500,430000,505000,520000,500000,610000,710000,695000,110
DAYLESFORD,385000,401500,442500,464000,502000,552500,592500,692500,835000,910000,899000,134
DEANSIDE,-,-,-,-,340000,456500,335000,499500,540000,585000,640000,NA
DEEPDENE,1981000,2215000,2750000,2600000,2862500,2692500,2858000,3150000,3262500,3001000,3050000,54
DEER PARK,348000,365000,390000,441000,552500,580000,550000,580000,630000,635000,640000,84
DELACOMBE,280000,292000,290000,319000,325000,360000,390000,410000,525000,570000,527500,88
DELAHEY,372500,370000,400000,458000,545000,575000,530000,575000,645000,650000,639000,72
DENNINGTON,320000,315000,345000,342500,345000,355000,360000,395000,485000,616500,581500,82
DERRIMUT,417000,435000,466000,530000,635000,615000,649000,658000,715000,770000,739000,77
DIAMOND CREEK,513000,550000,580000,646500,755000,782500,750500,797500,1000000,994500,983500,92
DIGGERS REST,280000,325000,325000,360000,440500,500000,515000,560000,614000,657500,657500,135
DIMBOOLA,89000,90500,109500,107000,122500,130000,120000,154000,200000,247000,281000,216
DINGLEY VILLAGE,553500,607000,690000,775500,887000,840500,810000,934000,1050000,1112000,1090000,97
DINNER PLAIN,390000,309000,359000,400000,412500,510000,520000,565000,765000,975000,1200000,208
DONALD,140000,120000,125000,145000,122000,145000,135500,145000,170000,225000,240000,71
DONCASTER,850500,999000,1176000,1297500,1366500,1320000,1270000,1280000,1502000,1500000,1550000,82
DONCASTER EAST,789000,894500,1113500,1230000,1360000,1222000,1198000,1255000,1500000,1535000,1630000,107
DONNYBROOK,-,-,-,-,-,530000,540000,620000,600000,665000,650000,NA
DONVALE,735000,840000,964000,970000,1200000,1182500,1140000,1195000,1337500,1440000,1438500,96
DOREEN,415000,430000,440000,470000,550000,601000,598000,623500,705000,741500,727000,75
DOVETON,302000,310500,348000,405000,490000,543500,472000,500000,582500,625000,570000,89
DROMANA,462000,492000,551000,583000,690000,786000,715000,762500,1000000,1100000,1052500,128
DROUIN,300000,311000,320000,347000,390000,455000,440000,467000,565000,620000,621500,107
DRYSDALE,380000,401500,410000,410000,440000,522500,575500,590000,682500,747000,726000,91
DUNOLLY,182500,170000,167500,180000,179000,206500,234500,209500,265000,320000,335000,84
EAGLE POINT,227000,267000,341500,255000,250000,290000,354000,394500,409500,580000,530000,133
EAGLEHAWK,264000,273000,283000,270000,295000,315000,321500,360000,440000,510000,485000,84
EAGLEMONT,1340000,1522000,1740000,1901000,1963000,1955000,1863000,2029000,2385000,2425000,2528500,89
EAST BAIRNSDALE,226000,160000,202500,212500,222000,227000,235000,320000,355000,380000,347500,54
EAST BENDIGO,285000,330000,300000,303500,335000,318000,390000,389500,465000,570000,551500,93
EAST GEELONG,450000,426500,440000,515500,600000,637500,632500,815000,920000,846000,835000,86
EAST MELBOURNE,1790000,1850000,2750000,3655000,3585000,2675000,3090000,2862500,3300000,3127500,3363000,88
EAST WARBURTON,289500,275000,305000,369000,392500,428500,458000,532500,645000,620000,667500,131
EASTWOOD,335000,342000,335000,357500,380000,385000,410000,417000,535000,590000,599000,79
ECHUCA,285000,285000,300000,310000,320000,365000,372500,412000,467500,555000,580000,104
EDENHOPE,160000,130000,115000,144500,160000,147000,169500,143000,206500,225000,266000,66
EDITHVALE,615000,670000,766000,930000,1058500,1047500,950000,1029500,1240000,1362500,1280000,108
EILDON,210000,205000,208500,210000,225000,258000,251500,285000,350000,430000,450000,114
ELLIMINYT,332000,313000,318000,364000,366500,385000,445000,470000,517000,675000,750000,126
ELMORE,184000,178000,200000,220000,162000,227500,235000,245000,332500,405000,358000,95
ELSTERNWICK,1365000,1315000,1621000,1723500,2087500,1970000,1825000,2081000,2175000,2265000,2165000,59
ELTHAM,631500,670000,750000,815000,930000,942500,928000,995000,1234500,1255000,1190000,88
ELTHAM NORTH,622000,680000,758000,854500,900000,930500,930000,1050000,1237500,1237000,1250000,101
ELWOOD,1350000,1412500,1631000,1841500,1900000,2140000,1950000,2110000,2216500,2605000,2200000,63
EMERALD,440000,449500,502000,545000,660500,730000,660000,732500,881000,950000,860000,95
ENDEAVOUR HILLS,400000,432000,496500,550000,630500,651000,620000,672000,750000,815000,795000,99
EPPING,366500,386500,400000,455000,556500,600000,546000,577000,654000,677000,668000,82
EPSOM,322500,342500,340000,340000,352000,357000,371500,431000,530000,600000,582500,81
ESSENDON,870000,942000,1228000,1365000,1400000,1691000,1450000,1520000,1750000,1841000,1760000,102
ESSENDON NORTH,725000,840000,808000,875000,1100000,1145000,1100000,1260000,1400000,1510000,1296000,79
ESSENDON WEST,720000,785000,920000,962500,1296000,1221000,1180000,1275000,1390000,1265500,1165000,62
EUMEMMERRING,353000,365000,408500,450500,517500,622000,540000,550000,628000,750500,665000,89
EUREKA,243500,259000,247500,275000,251500,315500,360000,412500,430000,490000,523000,115
EUROA,208000,230000,235500,265000,239000,270000,309000,360000,407500,475000,492500,137
EYNESBURY,390500,390000,403500,459000,484000,550000,558500,600000,676500,710000,652500,67
FAIRFIELD,915000,945000,1111500,1303000,1496000,1316000,1295000,1395500,1700000,1800000,1585000,73
FAWKNER,410000,444000,510000,587500,705000,720000,665000,715000,815000,770000,770000,88
FERNTREE GULLY,451000,505000,599000,660000,749000,732500,692000,750000,865000,873000,890000,97
FERNY CREEK,497500,492500,621000,735000,798000,830000,800000,908000,1120000,940000,890000,79
FINGAL,677500,730000,857500,840000,1000000,1350000,1240000,1312500,1807500,1975000,2000000,195
FITZROY,945000,1130000,1297500,1600000,1625000,1450000,1400000,1400000,1520000,1502500,1530000,62
FITZROY NORTH,976000,1014000,1188000,1279000,1450000,1475000,1385000,1600000,1706000,1632500,1600000,64
FIVEWAYS,355000,315000,380000,417500,525000,542500,485000,530000,751500,825000,670000,89
FLEMINGTON,735500,730000,830000,918000,1100000,926500,1000000,1028500,1250000,1103500,1027500,40
FLINDERS,765000,808000,839000,1225000,1525000,1697500,1670000,2085000,2667500,3342000,2125000,178
FLORA HILL,310000,323500,321000,325000,335000,352500,370000,395000,481000,550000,520000,68
FLOWERDALE,292500,170000,255000,237500,310000,390000,287500,400000,475000,530000,595000,103
FOOTSCRAY,600000,645000,690500,775000,883500,899000,812000,863500,962500,990000,902000,50
FOREST HILL,650500,721000,892000,933500,1060000,935000,900000,986000,1207500,1155500,1250500,92
FOSTER,298000,315000,325000,315000,320000,333500,330000,387500,457500,595000,590000,98
FRANKSTON,350000,372000,426000,474000,600000,605000,581000,621500,750000,764500,735000,110
FRANKSTON NORTH,255000,269000,297000,352000,470000,502000,423000,450000,580000,610000,574000,125
FRANKSTON SOUTH,535000,560000,620000,690000,815500,855000,817500,860000,1150000,1200000,1150000,115
FRASER RISE,455000,490000,465000,483000,541000,615000,595000,620000,675000,719000,716000,57
FYANSFORD,386500,478000,688000,592500,610000,650000,660000,800500,845000,1065000,950000,146
GARDEN CITY,1055000,1055000,1320000,1440000,1650000,1507500,1375000,1602500,2074500,1850000,1616000,53
GARDENVALE,1150000,1180000,1348000,1857500,1880000,1830000,1740000,1900000,2120000,2005000,2300000,100
GARFIELD,405000,355000,370000,405000,414500,540000,518000,590000,715000,789000,820000,102
GEELONG,500000,512000,607500,590000,735000,757500,720000,883500,950000,900000,982500,97
GEELONG WEST,440000,469000,490000,543500,654000,713000,675000,749500,882500,997000,910000,107
GEMBROOK,344000,400000,440000,525000,565000,610000,650000,680000,789500,862500,852500,148
GISBORNE,496000,510000,550000,635000,655000,770000,730000,810000,898500,1052500,1000000,102
GLADSTONE PARK,392500,400000,460000,525000,645000,630000,636500,640000,728000,730000,710000,81
GLEN HUNTLY,977500,1135000,1350000,1330000,1415000,1253000,1440000,1342500,2002500,1570000,1735500,78
GLEN IRIS,1310000,1500000,1800000,1935000,2025000,1927500,1967000,2136000,2492500,2500000,2500000,91
GLEN WAVERLEY,815000,960000,1212500,1221000,1337500,1300000,1287500,1304000,1558500,1560000,1660000,104
GLENGARRY,232500,283000,286000,277500,310000,300000,324000,388000,490000,576500,590000,154
GLENROWAN,230000,239000,225000,272500,300000,265000,372500,375000,500000,517000,595000,159
GLENROY,454000,500000,560000,600000,730000,725000,700000,740000,835000,850000,795000,75
GOLDEN BEACH,169500,172500,180000,212500,209500,225500,220000,270000,325000,355000,395000,133
GOLDEN POINT (BALLARAT),265000,265000,259500,295000,302500,347500,370000,430000,510000,545000,570000,115
GOLDEN SQUARE,295000,305000,306000,315000,320000,334000,340000,377500,469500,542500,515000,75
GORDON,278500,303000,290000,330000,404000,402500,495000,618000,632500,690000,675000,142
GOUGHS BAY,257500,247500,265000,235000,257500,345500,299500,360000,499500,710000,580000,125
GOWANBRAE,620000,557500,573000,619000,790000,727500,700500,739000,940000,902500,865000,40
GRANTVILLE,215000,255000,250000,272500,339500,402500,397500,440000,540000,620000,595000,177
GREEN LAKE,262500,254500,281500,305000,280000,270000,290000,360000,384500,440000,433000,65
GREENSBOROUGH,534000,574000,635000,717000,830000,815000,798000,850000,1001000,1000000,970000,82
GREENVALE,550000,539500,500000,510000,650000,720000,715000,720000,820000,881000,845000,54
GROVEDALE,352000,362000,370000,400000,432000,495000,505000,550000,655000,700000,660000,88
HADFIELD,461500,500000,550000,624500,740500,741500,730000,745000,890000,888000,860000,86
HALLAM,362500,380000,424000,455000,580000,630000,550000,600000,700000,720000,714000,97
HALLS GAP,184500,224500,245000,272500,280000,355000,320000,350000,465000,570000,555000,201
HAMILTON,192500,200000,200000,216000,190000,225000,209500,255000,339000,357000,370000,92
HAMLYN HEIGHTS,363500,366500,382500,415000,500000,545000,540000,563500,708000,769500,740000,104
HAMPTON,1270000,1340000,1650000,1800000,2020000,1905000,1900000,2000000,2420000,2341000,2370000,87
HAMPTON EAST,770000,862500,1020000,1200000,1340000,1230000,1211500,1290500,1512500,1610000,1475000,92
HAMPTON PARK,330000,337500,370000,410000,505000,550000,501500,539000,620000,665000,644500,95
HARCOURT,309000,358000,295000,377500,385000,375000,420000,527500,604000,705000,697500,126
HARKNESS,330000,340000,350000,360000,420000,485000,475000,490000,535000,595000,580000,76
HASTINGS,345000,368000,365000,400000,507500,519500,506000,562000,651000,736500,715000,107
HASTINGS WEST,280000,277000,289500,338000,425000,480000,430000,487500,590000,660000,605000,116
HAWTHORN,1575000,1606500,1916500,2245000,2650000,2506500,2200000,2525000,2900000,2495000,2720000,73
HAWTHORN EAST,1247500,1554000,1850000,1890000,2350000,2221500,2087500,2383000,2300000,2655000,2750000,120
HEALESVILLE,385500,400000,447500,457000,550000,601000,580000,602500,750000,810000,810000,110
HEATHCOTE,227500,260000,240000,268500,275000,310000,335000,365000,390000,480000,485000,113
HEATHCOTE JUNCTION,372500,422000,380000,437500,567000,594500,600000,738000,885000,905000,815000,119
HEATHERTON,630000,712000,771000,845000,981000,935000,965000,964000,1140000,1147000,1150000,83
HEATHMONT,589000,638000,760000,789000,925000,932000,873000,930000,1094000,1077000,1068000,81
HEIDELBERG,772500,831000,1060000,1150000,1280000,1114000,1107500,1283000,1500000,1435000,1437500,86
HEIDELBERG HEIGHTS,536000,554000,675500,750000,843000,820000,790000,805000,1000000,1030000,1002000,87
HEIDELBERG WEST,425500,461000,580000,630000,730000,700000,670000,719500,810000,803500,750000,76
HEPBURN,291000,330000,395000,377000,440000,425000,452500,535000,695000,675000,737500,153
HEPBURN SPRINGS,340000,350000,380000,418000,515000,490000,595000,570000,825000,900000,780000,129
HERNE HILL,350000,357000,368500,402000,490000,550000,534000,600000,738000,765000,715000,104
HEYFIELD,200000,180000,182500,195000,178500,193000,195000,230000,330000,370000,390000,95
HEYWOOD,142000,150000,173000,160000,164000,166000,178000,185000,240000,322500,330000,132
HIGHETT,750000,850000,992500,1175000,1318500,1275000,1234000,1325000,1585000,1477500,1455000,94
HIGHTON,477000,510000,505000,555000,622500,681000,690000,744000,887000,950000,911000,91
HILLSIDE (BRIMBANK),380000,365000,450000,437500,535000,645000,525500,545000,620000,655000,548000,44
HILLSIDE (MELTON),433500,445000,471000,537000,622000,648500,643500,690000,740000,800000,759000,75
HOPETOUN,88000,95500,75000,80000,92000,86000,66000,150000,157000,189000,171000,95
HOPPERS CROSSING,321500,340000,365500,415000,516000,552000,526500,550000,585000,620000,615000,91
HORSHAM,215000,215000,240000,245000,262500,255000,269000,260000,345000,379000,400000,86
HUGHESDALE,820000,856000,1165000,1222500,1407000,1260000,1150500,1300000,1507500,1500000,1400000,71
HUNTINGDALE,659000,728000,835000,924500,1132000,1010000,914000,1090000,1299500,1250000,1195000,81
HUNTLY,337500,325000,355000,340000,335000,357500,367500,383000,486500,570000,565000,67
HURSTBRIDGE,482000,482000,547500,614500,714000,731000,700000,775000,900000,950000,896500,86
INDENTED HEAD,390000,385000,382500,395000,455000,575500,606000,590000,752500,995000,820000,110
INGLEWOOD,160000,145000,200000,152500,182500,180000,185000,214000,320000,390000,325000,103
INVERLOCH,431000,440000,425000,442500,495000,598000,590000,665000,891000,992500,950000,120
INVERMAY PARK,378000,387000,405000,377500,391000,465000,475000,485000,680000,670000,695000,84
IRONBARK,277000,280000,292500,365000,280000,320000,304000,438500,523000,525000,530000,91
IRYMPLE,248000,228500,268000,257500,291000,310000,386500,354000,431000,455000,496500,100
IVANHOE,1090000,1203000,1120000,1400000,1537500,1600000,1590000,1640000,1900000,1922500,1732500,59
IVANHOE EAST,1310000,1513000,1535000,1764500,1975000,1914000,1775000,2055000,2225000,2262500,2406500,84
JACANA,334000,342500,375000,423000,571500,555000,512500,555000,626000,642500,586500,76
JACKASS FLAT,287500,345000,350500,345500,299000,310000,331500,401000,460000,520000,515000,79
JAMIESON,205000,210000,258500,220000,266500,265000,311500,345000,410000,625000,582500,184
JAN JUC,555000,595000,615000,716000,850000,905000,870000,964000,1337000,1400000,1290000,132
JEERALANG NORTH,145500,187500,175000,140000,248000,170000,235000,240000,283500,415000,366000,152
JEPARIT,80500,63000,89000,124000,66500,77000,81000,110000,129000,150000,215000,167
JOLIMONT,2625000,2637500,2237500,3252500,4575000,3950000,4125000,4575000,5225000,3775000,4533500,73
JUNCTION VILLAGE,312000,320000,370000,389000,436000,509000,483500,515000,605000,635000,645000,107
JUNORTOUN,490000,508500,417500,490000,512500,506500,530000,599000,682000,885000,865000,77
KALIMNA,230000,285000,300000,270000,276500,326500,292500,350000,467000,510000,462500,101
KALKALLO,450000,450000,180000,432500,529500,548000,535000,555000,606000,645000,640000,42
KALLISTA,425000,465000,523000,567500,676000,737500,700000,715000,910000,1000000,832500,96
KALORAMA,442500,451000,496000,533000,670000,686500,645000,697500,822500,1022500,885000,100
KANGAROO FLAT,292500,300000,303000,300000,310000,325000,340000,380000,465000,535000,500000,71
KANGAROO GROUND SOUTH,615000,655000,650000,670000,853500,930000,815500,970000,1217000,1130000,1100000,79
KANIVA,75000,87500,100000,125000,157500,164000,169500,115000,174000,205000,200000,167
KATUNGA,229000,155000,156000,167500,92000,180000,330000,225000,200000,327500,290000,27
KEALBA,370000,390000,400000,470000,595000,612000,596000,600000,660000,705000,670000,81
KEILOR,572500,633000,703000,805000,845000,817000,836500,885000,1070500,1000000,1132500,98
KEILOR DOWNS,403500,429000,496500,562000,670000,661000,630000,660000,767500,760500,770000,91
KEILOR EAST,560000,599000,651000,720000,843000,830000,835000,842000,1000000,1000000,980000,75
KEILOR LODGE,490000,500000,555500,607500,760000,715000,740000,757500,865000,880000,920000,88
KEILOR PARK,455000,512500,565000,650000,741000,770000,704000,735000,820500,892500,795000,75
KENNINGTON,351500,345000,334000,355000,372000,383500,374000,428500,550000,593000,610000,74
KENSINGTON,690000,737500,823500,908000,1019000,1020000,978000,1106500,1165000,1200000,1040000,51
KERANG,152000,145000,152000,167000,160000,177000,170000,200000,239000,275500,280000,84
KEW,1751000,1950000,2080000,2207500,2317500,2380000,2310000,2251500,2780000,2920000,2905000,66
KEW EAST,1210000,1314000,1600000,1655000,1876000,1800000,1837000,1785000,1990000,2040000,2200000,82
KEW NORTH,1260000,1301000,1665000,1827500,1880000,1767500,1833000,1840000,2097000,2255000,2237500,78
KEYSBOROUGH,435000,456500,559500,650000,730000,745000,735000,750000,849000,891000,913500,110
KIALLA,360000,365000,367500,374000,390000,418000,450000,482500,543000,640000,650000,81
KILCUNDA,375000,320000,400000,480000,504000,496000,533000,702500,865000,900000,810000,116
KILLARA (WODONGA),351000,346000,360000,425000,400000,420000,453500,447500,560000,658500,650000,85
KILMORE,327500,319000,336500,333000,387500,440000,435000,477000,548000,600000,590000,80
KILSYTH,435000,460000,548500,620000,698500,685500,645000,677500,781000,840000,810000,86
KILSYTH SOUTH,542500,575000,676000,738000,845000,826000,780500,870000,977500,1080000,1045000,93
KINGLAKE,330000,318000,340000,346000,458000,480000,555000,600000,640000,770000,662500,101
KINGS PARK,315000,325000,355000,415000,532500,550000,510000,550000,600000,630000,600000,90
KINGSBURY,470000,502500,560000,610000,731000,730000,660000,732500,850000,782000,785000,67
KINGSVILLE,635000,703500,785000,925000,1020000,990000,1010000,970000,1225000,1287500,1200000,89
KNOXFIELD,500000,580000,681000,741000,870000,815000,760000,810000,980000,970000,950000,90
KOO WEE RUP,315000,335000,345000,400000,450500,508500,550000,540000,610000,700000,668500,112
KOONDROOK,147500,155000,198500,165000,247500,268000,212500,254000,320000,320000,320000,117
KOROIT,275000,300000,296000,294000,325000,352000,347500,390000,490000,580000,582500,112
KORUMBURRA,236000,222500,262500,257500,292000,317500,320000,391000,480000,525000,550000,133
KURUNJANG,287000,280000,289500,310000,370000,435000,420000,432000,485000,550000,520000,81
KYABRAM,237000,235000,240000,234000,239000,261000,263000,280000,319500,400000,455000,92
KYNETON,369000,400000,425500,455000,495000,550000,595000,614000,755000,897500,775000,110
LAKE BOGA,200000,143500,245000,222500,182500,232500,239000,230000,320000,391000,446000,123
LAKE BUNGA,197500,162500,270000,270000,392500,380000,300000,350000,600000,650000,525000,166
LAKE GARDENS,445000,445000,461000,485000,461500,575000,552500,607500,705000,738500,785000,76
LAKE TYERS BEACH,270000,354000,330000,268500,362500,300000,357500,375000,505000,645000,590000,119
LAKE WENDOUREE,634000,650000,685000,700000,795000,775000,855000,1000000,1230000,1275000,1300000,105
LAKES ENTRANCE,269500,254000,255500,280000,281500,328000,300000,350000,422500,540000,512500,90
LALOR,365000,385000,445000,499500,625500,625000,590000,623000,700000,700000,680000,86
LANCEFIELD,377500,362000,360000,360000,416000,456000,500000,540000,685000,671500,625000,66
LANG LANG,285000,295000,316500,355000,390000,475000,495000,540000,657000,720000,707500,148
LANGWARRIN,385000,420000,450000,503000,600000,642500,610000,660000,805000,860000,835000,117
LARA,350000,340000,348000,355000,430000,515000,495000,535000,682500,700000,682500,95
LARA LAKE,363000,398000,375000,395000,450500,525000,535500,575000,663000,702000,710000,96
LAUNCHING PLACE,330000,337500,366000,435000,490000,531000,554000,572500,688500,778500,650000,97
LAVERTON,325000,358000,377500,429000,535000,579000,529000,560000,605000,610000,585000,80
LAVERTON SOUTH,391500,425000,450000,528500,607500,646000,622500,647500,730000,751000,735000,88
LENEVA,361500,372500,370500,376000,397500,387500,426000,470000,554000,650000,685000,89
LEONGATHA,300000,295500,305000,305000,320000,360000,370000,426000,505000,589000,580000,93
LEOPOLD,360000,366500,365000,407000,447000,500500,510000,535000,652000,709000,680000,89
LILYDALE,469000,482500,534000,633500,710500,705000,675500,710000,844500,870000,926000,97
LINDENOW,200000,226000,212500,212000,245000,313500,282500,282500,385000,466000,372500,86
LISMORE,110000,109000,115000,141500,155000,132500,144500,220000,176000,277500,255000,132
LOCH SPORT,166000,153500,145000,178000,182000,230000,245000,247000,324500,392500,390000,135
LONG GULLY,230000,255000,244000,240000,256000,269000,280000,299500,385000,451500,400000,74
LONGWARRY,289500,297500,307000,334000,377000,403000,406000,427500,512500,575000,570000,97
LORNE,840000,815000,895000,765000,1150000,1275000,1297500,1497500,1960000,2200000,1925000,129
LOVELY BANKS,360500,406500,388500,470000,460000,525000,570000,565000,662500,767500,690000,91
LOWER PLENTY,680500,675000,770000,900000,980000,1055000,950000,909500,1220000,1350000,1319000,94
LUCAS,348000,355000,389000,345000,349500,395000,431000,465000,582500,705000,640000,84
LUCKNOW,235000,229000,230000,244500,261500,280000,275000,314500,355000,449000,400000,70
LYNBROOK,430000,460000,500000,542500,595000,640000,623000,660000,750000,810000,814500,89
LYNDHURST,465000,482500,550000,585000,625000,695000,665500,701500,815500,950000,905000,95
LYSTERFIELD,681500,670000,780000,857500,995500,976500,956500,994500,1132000,1267500,1305000,92
LYSTERFIELD SOUTH,931500,1000000,1018500,1240000,1300000,1275000,775000,1410000,1618000,1844000,1925500,107
MACEDON,490000,460000,532500,585000,696000,815000,800000,883000,1130000,1073000,1105000,126
MACLEOD,647500,705000,755000,868000,950000,922500,922500,972500,1156500,1135000,1150000,78
MADDINGLEY,316500,320000,332500,345000,395000,442000,460000,521000,560000,635000,625000,97
MAFFRA,229000,215000,230000,258000,251500,261500,255000,315000,338000,376500,425000,86
MAIDEN GULLY,440000,415000,430000,477000,471000,495500,514000,579000,725000,760000,797500,81
MAIDSTONE,535000,587500,630000,695000,825000,798500,779000,789500,852500,888000,895000,67
MALDON,315000,325000,339000,385000,426500,420000,510000,546500,624500,735500,742500,136
MALLACOOTA,285000,285000,288500,325000,345000,280000,406500,415000,488500,527500,555000,95
MALMSBURY,292500,317500,397500,344000,447000,465000,475000,505000,757500,785000,767500,162
MALVERN,1508500,1946000,2230000,2332000,2750000,2661000,2570000,2865000,3001000,2935000,3000000,99
MALVERN EAST,1200000,1380000,1610000,1729000,1824000,1900000,1789000,1895000,2112500,2282500,2175000,81
MAMBOURIN,-,-,-,-,-,-,-,329500,597500,641000,635000,NA
MANIFOLD HEIGHTS,532500,489000,489500,620000,721500,785500,715000,825000,924500,1087500,1050000,97
MANOR LAKES,340500,360000,385000,417500,490000,526000,533000,570000,595500,645000,645000,89
MANSFIELD,364000,347000,367500,359000,385000,430000,452500,510000,640000,732500,786000,116
MARIBYRNONG,714000,750500,837500,940000,1056000,1050000,961500,936500,1165000,1170000,1130000,58
MARLO,295000,285000,335500,305000,432500,385000,355000,405000,435000,686000,655000,122
MARONG,310000,345000,364000,330000,348000,365000,420000,465000,560000,650000,622500,101
MARSHALL,360000,382500,377000,400000,430000,468000,486500,510000,600000,682000,610000,69
MARYBOROUGH,194000,200000,192500,206500,194000,229500,236000,269500,341500,393000,399500,106
MARYSVILLE,180000,125000,320000,332500,383000,477500,462500,475000,675000,755000,692500,285
MCCRAE,530000,535000,597500,689000,775000,847500,795000,952500,1200000,1285000,1312500,148
MCKENZIE HILL,397000,140000,429500,475000,471500,495000,536500,544500,700000,755000,833000,110
MCKINNON,1025000,1220000,1500000,1657500,1720000,1555000,1520500,1675000,2010000,1994000,2000000,95
MEADOW HEIGHTS,317000,322500,350500,370000,451000,510000,474000,499000,557500,580000,561000,77
MELTON,245000,240000,255000,280500,369000,415000,385000,390000,455000,500000,470500,92
MELTON SOUTH,230000,238000,260000,276000,377000,417000,390000,420000,460000,515000,495000,115
MELTON WEST,285500,290000,295000,330000,409000,453000,428000,470000,515000,551000,550000,93
MENTONE,705000,810000,950000,982500,1097500,1080000,1031000,1050000,1367500,1475000,1337500,90
MENZIES CREEK,515000,428000,580000,597000,640000,760000,682500,745000,1020000,960000,876500,70
MERBEIN,140500,167000,180000,170000,183500,180000,210000,201500,227500,320000,300000,114
MERINDA PARK,310000,310000,345000,385000,471500,523000,476000,527500,615000,657500,626000,102
MERNDA,375000,370000,410000,430000,525000,573500,552000,570000,670000,680000,670000,79
MERRIGUM,160500,149000,209500,164500,160000,190000,270000,179000,255000,266500,272500,70
METUNG,337500,287500,299000,360000,347500,371500,455000,480000,517500,747500,771000,128
MICKLEHAM,213000,168000,390000,437000,500000,520000,525000,565000,623000,680000,680000,219
MIDDLE PARK,1587500,2125000,2317000,2238500,2390000,2685000,2775000,2680000,2864000,2750000,2473000,56
MILDURA,225500,245000,252000,260000,264000,281500,310000,337000,380000,425000,436000,93
MILL PARK,408000,430500,480000,560000,668500,657000,654000,690000,754500,786000,780000,91
MILLGROVE,245000,260000,275000,293500,343000,411000,415000,425000,540000,600000,564000,130
MINERS REST,330000,327500,335000,334000,370000,400000,427500,440000,530000,599500,590000,79
MINYIP,73500,95000,93000,82500,94000,81000,114500,75000,151500,155000,164500,124
MIRBOO NORTH,265000,250000,262000,275000,264000,307500,327500,376000,475000,565000,560000,111
MITCHAM,650000,730000,885500,941000,1070000,998000,942000,1066500,1212500,1200000,1210000,86
MITCHELL PARK,267000,267500,260000,259000,263000,304500,313000,330000,400000,486500,462500,73
MOE,155000,170000,162500,173000,175000,200000,210000,250000,315000,370000,365000,135
MONBULK,395000,425000,471500,521500,608000,650000,630000,650000,790000,799000,770000,95
MONT ALBERT,1316000,1490000,1863000,1921000,2100000,1990000,1690000,2170000,2372500,2320000,2384000,81
MONT ALBERT NORTH,995000,1100000,1400000,1490000,1565000,1460000,1380000,1437000,1580000,1643000,1715000,72
MONTMORENCY,570000,614000,732000,780500,890000,926000,860000,913000,1162000,1110000,1120000,96
MONTROSE,445000,476500,559000,625000,700500,737500,707500,730000,842500,913500,846000,90
MOONEE PONDS,830500,920000,1006000,1110500,1310000,1360000,1300000,1290000,1545000,1582500,1527500,84
MOORABBIN,682000,768000,855000,980000,1160000,1130000,1065000,1075000,1400000,1391500,1300000,91
MOOROOLBARK,440000,465000,558500,620000,725000,720000,670000,720000,836000,870000,821000,87
MOOROOPNA,207500,215000,230000,215500,225000,230000,247500,268500,335000,385000,377500,82
MORDIALLOC,680000,755000,850000,933000,1120000,1046500,1017500,1089000,1375000,1296500,1385000,104
MORNINGTON,525000,558000,641000,745000,800000,850000,810000,894000,1100000,1160000,1069500,104
MORTLAKE,129500,152500,120000,152000,170000,165000,164000,220000,290500,327500,349000,169
MORWELL,160000,150000,151000,153000,170000,167000,179000,200000,275000,325000,334500,109
MOUNT BEAUTY,180000,200000,189500,183000,258000,267500,295000,330000,446000,572500,531500,195
MOUNT CLEAR,286000,288000,322500,345000,345000,379000,396500,414000,505000,515000,525000,84
MOUNT COTTRELL,-,1800000,1800000,1800000,1800000,1800000,927500,927500,540000,622000,602000,0
MOUNT DANDENONG,450000,610000,612500,641000,847000,647500,690000,791000,850000,1045000,887500,97
MOUNT DUNEED,286000,532000,545000,425000,497500,555000,557000,593000,696000,750000,720000,152
MOUNT ELIZA,750000,777500,832000,950000,1137500,1220000,1180000,1313000,1700000,1730500,1700000,127
MOUNT EVELYN,406000,428500,493500,551000,640000,671500,636000,710000,820000,877500,830000,104
MOUNT HELEN,344000,368000,342000,355000,376000,420000,417000,472500,610000,632500,580000,69
MOUNT MACEDON,662500,600000,635000,750000,665000,859000,775000,1043000,1623500,1330000,1446000,118
MOUNT MARTHA,730000,745000,785000,965000,1050000,1202500,1262500,1420000,1845000,1880000,1820000,149
MOUNT PLEASANT,276500,269500,293500,297500,293000,350000,377500,415000,498000,530000,497500,80
MOUNT WAVERLEY,820000,950000,1267500,1265000,1416000,1320000,1270500,1300000,1511000,1509000,1600000,95
MULGRAVE,577500,627000,765500,786000,900500,860000,840000,850000,1000000,996000,1040000,80
MURCHISON,186000,155000,165000,187000,254500,225000,244500,291500,400000,450000,340000,83
MURRUMBEENA,870000,982500,1204000,1286000,1420000,1343500,1241500,1405000,1695000,1670000,1641500,89
MURTOA,95000,110000,91000,97500,115000,110000,119000,130000,145000,244500,267500,182
MYRTLEFORD,220000,245000,242000,270500,265000,295000,325000,385000,530000,609000,590000,168
NAGAMBIE,312500,378000,360500,336000,330000,385000,414000,460000,545000,655000,660000,111
NARRE WARREN,370000,386000,430000,487000,590000,614000,587000,610000,700000,740000,727000,96
NARRE WARREN NORTH,680000,822500,771500,900000,1108000,1180000,1070000,1167500,1421500,1600000,1565000,130
NARRE WARREN SOUTH,410000,440000,476000,530000,620000,636500,625000,660000,750000,802500,820000,100
NATHALIA,165000,190500,178000,185000,232500,210000,229000,256000,265000,350000,370000,124
NEERIM SOUTH,340000,336500,280000,330000,320000,406500,413000,473500,530000,600000,665000,96
NERRINA,455000,482500,522500,517500,570000,575000,617500,630000,580000,795000,685000,51
NEW GISBORNE,500000,510000,498000,545000,625000,757500,695000,720000,798500,875000,850000,70
NEWBOROUGH,213000,215000,220000,224500,220000,250000,255000,290000,359000,437500,427000,100
NEWCOMB,280000,292000,290500,310000,375000,453500,435000,476000,584000,605000,567500,103
NEWINGTON,320000,341000,345000,372500,422500,465000,490000,735000,720000,672500,664500,108
NEWLANDS ARM,320000,302000,332500,380000,380000,367500,443000,470000,550000,619500,675000,111
NEWPORT,695000,740000,825000,950000,1080000,1059000,1055000,1090000,1286500,1280000,1275000,83
NEWSTEAD,300000,297500,365000,362000,420000,318500,436000,470000,540000,625000,600000,100
NEWTOWN (GREATER,570000,620000,642500,712500,780000,843000,832000,945000,1175000,1200000,1165000,104
NHILL,110000,125000,128000,140000,126500,149000,137000,158500,180000,210000,205000,86
NICHOLS POINT,316500,304000,370000,396000,346000,470000,430000,475000,510000,661000,590000,87
NIDDRIE,700000,747500,832500,910000,1100000,1070000,1070000,1000500,1246000,1305000,1189000,70
NOBLE PARK,400000,440000,510000,600000,680000,680000,625500,675000,751000,753500,732000,83
NOBLE PARK NORTH,383000,420000,491500,563000,640000,660000,610000,655500,750000,795000,737500,93
NORLANE,202500,215000,216000,236500,290000,355000,350000,372000,450000,481500,455000,125
NORTH BENDIGO,271000,280000,286000,279000,302000,310000,325000,374000,460500,513000,515000,90
NORTH GEELONG,272500,301000,335000,338500,422000,495000,500000,550500,597500,675000,646500,137
NORTH MELBOURNE,802500,832000,943000,1200000,1380000,1185000,1375000,1151500,1311500,1310000,1220000,52
NORTH WONTHAGGI,230000,268500,274500,259500,294000,369000,389000,419000,557500,665000,625000,172
NORTHCOTE,820000,931500,1008500,1190000,1325000,1345000,1305000,1411000,1653000,1650000,1605000,96
NOTTING HILL,566500,660000,780000,872500,993000,957500,880000,930000,1141000,1058000,1106000,95
NUMURKAH,195000,215000,219000,195000,219000,225000,250000,239000,310000,350000,360000,85
NUNAWADING,637500,721500,880000,970000,1090000,986000,951000,1038500,1250000,1146000,1189500,87
NYAH WEST,94000,107500,146500,130000,133500,136000,85000,129000,202500,215000,248000,164
OAK PARK,576500,626000,660000,822500,853500,878500,840000,911500,1150000,1140000,1065000,85
OAKLEIGH,753500,801500,1002000,1050000,1210000,1250000,1101000,1255000,1389000,1422000,1336500,77
OAKLEIGH EAST,672000,820000,990000,983000,1195000,992500,954500,995000,1187500,1155000,1150000,71
OAKLEIGH SOUTH,603000,700000,830000,890000,1030000,960000,906500,983500,1129000,1053500,1130000,87
OCEAN GROVE,459000,515000,516500,555000,637000,691000,695000,790000,975500,1143500,982500,114
OFFICER,346000,339000,375000,440000,480000,548000,540000,570000,650000,700000,725500,110
OFFICER SOUTH,-,-,-,-,283000,569500,714000,770000,703000,850000,865000,NA
OLINDA,496000,520000,553500,620000,705000,760000,746500,757500,1125000,905000,935000,89
OMEO,210000,190000,212500,150000,183000,183500,250000,238000,339000,385000,339000,61
ORBOST,156000,150000,145000,162500,159000,165000,185500,220000,240000,344000,340000,118
ORMOND,997500,1187500,1300000,1550000,1604500,1600000,1475000,1590000,1900000,1847500,1795000,80
OSBORNE,530000,540500,580000,640000,735000,757000,777500,850500,1112000,1127500,1030000,94
OUYEN,75000,77500,105500,130000,130000,93000,99000,121000,155500,170000,184500,146
PAKENHAM,335000,350000,367000,400000,470000,520000,485000,525000,600000,652000,640000,91
PARADISE BEACH,163500,178000,188500,200000,180000,199000,200000,248000,321500,415000,372500,128
PARK ORCHARDS,952500,1103000,1225000,1335000,1450000,1480000,1510000,1530000,1920000,1965000,1740000,83
PARKDALE,760000,860000,965000,1100000,1300000,1245000,1157500,1200500,1540500,1592500,1352000,78
PARKVILLE,1200000,1525000,1360500,2130000,2287500,2430000,1480000,1950000,2301500,1910000,2477000,106
PASCOE VALE,580000,655000,720000,805000,891000,901000,855000,947500,1050000,1110000,1025000,77
PASCOE VALE SOUTH,650500,701000,745000,840000,975000,955000,950000,1006000,1299500,1157500,1140000,75
PATTERSON GARDENS,615000,672000,737500,813500,880000,890000,961000,960000,1160000,1300000,1265000,106
PATTERSON LAKES,647500,734000,785000,807500,1021500,1022500,923000,1082500,1300000,1470500,1361000,110
PAYNESVILLE,283000,305000,305000,309000,336500,351500,346000,397000,465000,565000,515000,82
PEARCEDALE,385000,445000,470000,534000,607000,660000,660000,660000,790000,820000,850000,121
PENSHURST,144000,132500,191000,152000,125000,165000,165000,175000,194000,310000,286500,99
PETERBOROUGH,287500,307500,296500,340000,315000,450000,419000,550000,625000,701000,690000,140
PIONEER BAY,200000,220000,240000,216000,275000,308000,310000,355000,354000,491500,554000,177
PLENTY,773000,750000,915500,935000,1145000,1350000,1301000,1202500,1605000,1543000,1760000,128
POINT COOK,450000,445000,465000,505000,590000,630000,635000,664000,739000,780000,770500,71
POINT LONSDALE,700000,707500,655000,641000,780000,840000,827500,880000,1300000,1505000,1351500,93
POREPUNKAH,347000,285000,323000,330000,447000,464500,530000,615000,757500,1035000,940000,171
PORT ALBERT,262500,190000,197500,218500,270000,240000,250000,315000,425000,485000,562500,114
PORT FAIRY,400000,425000,447500,473500,500000,651000,620000,670000,950000,1140000,950000,138
PORT MELBOURNE,995000,917500,1252500,1380000,1485000,1488000,1400000,1600000,1802500,1646000,1745000,75
PORTARLINGTON,390000,414500,409000,460000,515000,640000,625000,690000,829500,985000,925000,137
PORTLAND,235000,210000,220000,220000,230000,234500,266000,295000,370000,450000,437500,86
PORTLAND NORTH,300000,248000,330000,340000,360000,367500,276000,507000,470000,667500,750000,150
PORTSEA,1195000,1305000,1800000,1701000,1925000,2180000,1950000,2530000,3765000,3825000,3102500,160
PRAHRAN,990000,1175000,1350000,1430000,1525000,1578000,1520000,1643500,1831000,1840000,1750000,77
PRESTON,632500,690000,791000,882000,996000,980000,940000,1026000,1251000,1160000,1150000,82
PRINCES HILL,1216500,1210000,1280000,1555000,1767500,1650000,2035000,1600000,2015000,1892500,1620000,33
PYRAMID HILL,112500,117000,112500,112500,112500,100000,120000,117500,128000,230000,202500,80
QUAMBATOOK,134000,79000,66500,105000,135000,93500,90500,110000,150000,157000,125000,-7
QUARRY HILL,385000,355000,377500,349000,362000,407500,395000,430000,540500,613500,596000,55
QUEENSCLIFF,630000,695000,700000,795000,763000,950000,950000,969000,1372000,1725000,1687500,168
RAINBOW,62000,77000,68000,59500,82500,99000,75000,82000,112000,137000,175000,182
RAYMOND ISLAND,297500,280000,285000,330000,289500,360000,300000,416500,450000,535000,540000,82
RED CLIFFS,163000,151500,175000,165000,223500,211500,217500,270000,311000,325000,335000,106
RED HILL,515000,675000,645000,677500,815000,930000,860000,900000,1550000,1960000,1507500,193
REDAN,250000,245000,246500,255000,287500,330000,357000,900000,455000,515000,485000,94
RESEARCH,605500,685000,686000,825500,950000,915000,937500,1178000,1201000,1520000,1030000,70
RESERVOIR,510000,541000,615000,707500,812500,790000,754000,795000,945000,940000,870000,71
RHYLL,393000,482000,402000,460000,527500,657500,565000,579000,757500,911000,752500,91
RICHMOND,900000,961000,1150000,1265000,1302500,1311000,1260000,1365000,1490000,1400000,1377500,53
RIDDELLS CREEK,450000,417500,456500,500000,580000,675000,710000,680000,870000,872500,865000,92
RINGWOOD,552000,660000,777500,837500,910500,896500,801000,900000,1018000,1038000,999500,81
RINGWOOD EAST,547000,612000,750000,806000,901000,881000,809000,861000,1050000,975000,1000000,83
RINGWOOD NORTH,630500,662000,783500,844000,960500,920000,870000,957500,1183000,1200000,1217500,93
RIPPLESIDE,575000,530000,640000,739000,725000,750000,825000,862000,1100000,1205000,1050000,83
RIPPONLEA,985000,1000000,1360000,1700000,1787500,1564000,1350000,2001000,1892500,1560000,1457500,48
ROBINVALE,152500,160000,184500,170000,197000,220000,231500,235000,340000,315000,355000,133
ROCHESTER,189500,215000,235000,239000,242500,236000,255000,237000,350000,440000,262500,39
ROCKBANK,309000,280000,300000,347000,455000,500000,497000,465000,565000,620000,624500,102
ROMSEY,387500,396000,420000,428000,470000,550000,580500,630000,780000,839000,755000,95
ROSANNA,717500,781500,905000,980000,1175000,1100000,1032500,1121500,1382500,1216000,1298000,81
ROSEBUD,367000,365000,389000,445000,536000,590000,550000,595000,780000,820500,747500,104
ROSEBUD SOUTH,425000,500000,515000,545000,647500,711500,697000,675000,951000,1090000,1063500,150
ROSEDALE,215000,215000,197000,230000,247000,280000,247000,250000,365000,420000,475000,121
ROWVILLE,570000,617500,710000,778000,867000,838000,815500,838000,1000000,1080000,1090000,91
ROXBURGH PARK,365000,385000,400000,435000,515000,546000,543000,572500,615000,652000,632500,73
RUSHWORTH,161000,158000,177000,200000,192500,198000,205000,226000,301000,352500,367000,128
RUTHERGLEN,232000,195000,230000,255000,262000,270000,282500,350000,402500,486500,479000,106
RYE,425500,460000,488000,550000,659000,705000,690000,793500,1100000,1195000,1098500,158
SAFETY BEACH,515000,516500,595000,665000,780000,825000,810000,897500,1109000,1241000,1220500,137
SAILORS GULLY,253000,262500,235000,225000,232000,290000,280000,300000,390000,505500,469000,85
SALE,290000,300000,298000,295500,300000,309500,325000,345000,399000,487000,480000,66
SAN REMO,410000,407000,420000,460000,497000,515000,554500,597500,850000,1020000,952500,132
SANCTUARY LAKES,480000,485000,570000,502000,630000,625000,625000,652000,710000,750000,733500,53
SANDHURST,545000,549000,617500,678500,730000,837500,812500,780000,950000,1009000,1075000,97
SANDRINGHAM,1210000,1305000,1490000,1760000,1862500,1850000,1665000,1850000,2420000,2400000,2100000,74
SANDY POINT,352500,380000,370000,359000,407500,410000,410000,517500,755000,820000,815000,131
SASSAFRAS,632500,556000,562000,653500,775500,750000,805000,770000,860000,1020000,959000,52
SCORESBY,509000,570000,661000,700000,878500,835000,766500,785000,951500,975500,955500,88
SEA LAKE,80000,75000,90000,75000,70000,110000,100000,106500,125000,173000,187500,134
SEABROOK,422500,402500,456000,509000,635000,672500,626500,652500,730000,755000,741500,76
SEAFORD,419500,450000,475000,580500,700000,696000,655000,700000,850000,880000,830000,98
SEAHOLME,640000,670000,802500,870000,1157500,1015000,1020000,937500,1209500,1135000,1525000,138
SEASPRAY,152000,164000,240000,175000,215000,210000,265000,260000,335000,390000,465000,206
SEBASTOPOL,242000,235500,244500,247500,256000,289000,315000,341000,420000,480000,455000,88
SEDDON,675000,730000,830000,934500,982500,1018500,960000,1100000,1244000,1055000,1100000,63
SELBY,420000,420000,469500,527500,600000,637500,601500,720000,904500,771500,837500,99
SEVILLE,400000,397500,450000,511500,611500,634500,630000,626000,775000,812500,870000,118
SEVILLE EAST,339500,350000,395000,440000,482500,551500,580000,600000,720000,700000,755000,123
SEYMOUR,220000,213000,225000,242500,277000,295000,300000,325000,390000,447500,467500,113
SHEPPARTON,247000,243000,250000,265000,261000,275000,282000,310000,370000,430000,445000,80
SHEPPARTON NORTH,346000,375000,348000,361000,347000,334000,393000,379000,425000,612000,610000,76
SHOREHAM,607000,620000,903000,868500,970000,1160000,1400000,1077000,1767500,2180000,2100000,246
SILVERLEAVES,508000,460500,484000,446500,515000,721000,618500,775000,982000,990500,1137500,124
SKIPTON,155000,117500,137000,169000,187500,159500,200000,219500,270000,360000,336000,117
SKYE,395000,413000,430000,479000,570000,611000,597500,610000,740000,770000,760000,92
SMITHS BEACH,372500,390000,455000,470000,458500,589000,624500,695000,837000,990000,957500,157
SMYTHES CREEK,-,380000,380000,380000,380000,426500,430000,440500,545000,590000,550000,0
SOLDIERS HILL,283000,341000,310000,374000,423500,447500,480000,557500,568000,705000,570000,102
SOMERS,657500,755000,696500,755500,820000,888500,950000,980000,1707000,1765000,1550000,136
SOMERVILLE,385000,395000,425000,465000,580000,615000,600000,640000,780000,812000,765000,99
SORRENTO,770000,795000,859000,1130000,1300000,1380000,1470000,1665000,2207500,2355000,2120000,175
SOUTH GEELONG,420500,470000,425000,495000,650000,676000,702500,835000,1000000,970000,882000,110
SOUTH KINGSVILLE,619500,671000,742000,903000,980000,1000000,859000,992000,1100000,972500,1250000,102
SOUTH MELBOURNE,1030000,1200000,1310000,1595000,1532500,1465000,1355000,1580000,1710000,1882500,1630000,58
SOUTH MORANG,415000,420000,450000,502000,610500,634500,625500,623000,718000,760000,725000,75
SOUTH YARRA,1352500,1450000,1700000,1890000,2040000,1851000,1850000,2059000,2353000,2035500,2390000,77
SPOTSWOOD,680000,640000,795000,917500,1027500,1080000,950000,985000,1260000,1255000,1130000,66
SPRING GULLY,345000,350000,350000,350000,390000,400000,386500,440000,552500,610000,700000,103
SPRINGVALE,451500,530000,629500,685000,750000,780000,746500,785000,855000,886000,870000,93
SPRINGVALE SOUTH,430000,475000,562000,630000,720000,720000,679000,725000,800000,820000,800000,86
ST ALBANS,350000,373500,428000,500000,610000,626500,594000,600000,675000,682000,640500,83
ST ALBANS PARK,335000,330000,329000,331000,379000,450000,422000,455000,600000,650000,586500,75
ST ANDREWS BEACH,480000,495000,560000,695000,855000,902500,930000,1207500,1745500,1582500,1572500,228
ST ARNAUD,140000,145000,141000,142500,145000,145000,175000,170000,225000,310000,279500,100
ST HELENA,612500,623000,711000,800000,893500,910000,905000,930000,1137500,1202500,1175000,92
ST KILDA,892000,1225000,1164000,1305000,1551000,1755000,1600000,1330000,1705500,1710000,1480500,66
ST KILDA EAST,1050500,1037500,1382500,1677500,1460000,1620000,1560500,1650000,1840000,1785000,1623000,54
ST KILDA WEST,1142500,2235000,2013000,1797000,2380000,1942500,2465000,2630000,3300000,2742500,2855000,150
ST LEONARDS                             ,350000,357000,375000,421500,2380000,571500,562500,572000,705000,805000,754000,115
STANHOPE,150000,131000,152500,147000,181000,161500,187500,201500,255000,223500,352500,135
STAWELL,162500,172500,177000,177000,188000,190000,189000,227000,290000,355000,319000,96
STRATFORD,230000,261500,260500,272500,265000,258000,316500,320000,397500,472000,480000,109
STRATHDALE,392500,380000,410500,445000,380000,420000,451000,507000,640000,671500,637500,62
STRATHFIELDSAYE,377000,397500,408000,425000,455000,444000,476500,535000,636000,702500,715000,90
STRATHMERTON,166000,172500,190000,182500,140000,187500,195000,205000,265000,325000,365000,120
STRATHMORE,827500,865000,997500,1140000,1230000,1357500,1320000,1360000,1576000,1605000,1416500,71
STRATHMORE HEIGHTS,621000,640000,700000,808000,970000,885000,800000,835000,962500,952500,1056000,70
STRATHTULLOH,350000,440000,425000,430000,359000,425000,507500,522500,585500,609000,642500,84
STUDFIELD,532500,617500,785000,853000,957500,906000,811000,836000,1025000,950000,1095000,106
SUNBURY,355000,360000,370000,395000,492000,546000,533500,570000,645000,670000,660000,86
SUNDERLAND BAY,324500,333000,287000,360000,357500,455000,413500,525000,717000,677500,672500,107
SUNNYCLIFFS,195000,247500,185000,220000,228000,218000,229500,230000,326500,295000,380000,95
SUNSET STRIP,301500,310000,301500,340000,345000,390000,460000,511000,602500,754000,690000,129
SUNSHINE,435000,483500,530500,675000,765000,742000,720000,750000,870000,856500,797500,83
SUNSHINE NORTH,400000,425500,495000,560000,653000,673500,647000,690000,720000,750000,721500,80
SUNSHINE WEST,384500,395000,450000,520000,639000,635000,635000,657000,745000,751500,700000,82
SURF BEACH,375000,360000,355000,414000,425000,480000,525000,559000,706500,895000,805000,115
SURREY HILLS,1323000,1450000,1750000,1800500,2170000,1900000,1890000,1880000,2310000,2301500,2390000,81
SWAN HILL,225000,230000,248000,262500,252000,267000,285000,319500,362000,405000,435000,93
SYDENHAM,425000,415000,440000,505000,590000,620000,595000,635000,690000,699000,741500,74
SYNDAL,950500,1160000,1505000,1410000,1585000,1540500,1499000,1570000,1800000,1867500,1955000,106
TALLANGATTA,154000,200000,233000,216000,275000,245000,257500,280000,350000,436000,470000,205
TANGAMBALANGA,265000,245000,219500,276000,172500,292000,282500,459000,502500,593000,557500,110
TARNEIT,371000,395000,400000,445000,515000,570000,550000,570000,602000,650000,653500,76
TATURA,230000,237500,233000,228000,262000,250000,276500,303500,357500,450000,475000,107
TAWONGA SOUTH,219500,235000,257500,298000,254000,310000,422500,380000,545000,641000,553000,152
TAYLORS HILL,487500,510000,530000,600000,686000,723000,702000,754000,840000,908000,906500,86
TAYLORS LAKES,490000,510000,561500,635000,720000,763500,750000,777500,883500,936000,925000,89
TECOMA,415000,478000,510000,601500,709000,700000,662500,742500,920000,837500,838000,102
TEMPLESTOWE,865000,951500,1180000,1260000,1415000,1308000,1292500,1381500,1603000,1621500,1685000,95
TEMPLESTOWE LOWER,750000,830000,1060000,1105500,1302000,1150000,1080000,1189000,1432500,1390000,1410000,88
TERANG,161500,195000,206500,150000,188500,194000,188500,232500,309000,365000,382500,137
THE BASIN,430000,463500,550000,595000,610000,682500,695000,739000,875000,864000,850000,98
THE PATCH,393500,486500,505000,570500,665000,730000,755000,760000,882500,872000,830000,111
THOMASTOWN,390000,420000,437000,493000,654000,636000,592000,620000,720000,710000,691000,77
THOMSON (GREATER,282000,290000,290000,309000,365000,411000,400500,435000,580000,575000,547500,94
THORNBURY,729000,841000,918000,1079500,1230000,1137500,1150000,1252500,1500000,1455000,1382000,90
THORNHILL PARK,-,-,-,441000,447000,578000,535000,540000,550000,600000,610000,NA
TIMBOON,184000,210000,240000,215000,220000,247000,260000,412500,425000,440000,476500,159
TONGALA,185000,179000,165000,204000,200000,275000,234500,236500,305000,377000,405500,119
TOONGABBIE,234000,261500,235000,315000,286500,280500,270000,320000,445000,525000,569000,143
TOORA,171500,155000,230000,195000,190000,241500,275000,300000,430000,430000,450000,163
TOORADIN,420000,480000,471000,411000,599000,702000,700000,755000,800000,910000,880000,110
TOORAK,2875000,3391000,4000000,4900000,5100000,4700000,4600000,5500000,6340000,6205000,5325000,85
TOOTGAROOK,387000,402500,405000,460000,591000,600500,586000,671000,874000,950000,885000,129
TORQUAY,580000,580000,620000,665000,720000,810000,815000,870000,1200000,1350000,1255000,116
TRAFALGAR,283000,311000,310000,312500,333500,375000,396500,435000,485000,590000,560000,98
TRARALGON,269000,275000,273000,268000,288500,298000,326500,340000,408000,484000,500000,86
TRARALGON EAST,435000,440000,432500,445000,455000,425000,470000,501500,640000,722000,785000,80
TRENTHAM,407500,340000,422500,455000,475000,603000,614000,632500,825000,1050000,930000,128
TRUGANINA,360000,390000,391000,430000,519500,570000,575000,580000,615000,652000,647000,80
TULLAMARINE,395000,412000,472500,530000,655000,665500,612000,640000,755000,760000,720000,82
TYABB,370500,366000,395000,430000,510500,548000,586500,590000,736000,745500,730000,97
UPPER FERNTREE GULLY,435000,500000,515000,582000,685000,700000,642500,735000,865000,885000,852000,96
UPWEY,425000,476000,515000,585000,680000,710000,702500,760500,899000,890000,880000,107
VENTNOR,370000,377500,423500,420000,465000,490000,540000,619500,770000,867500,800000,116
VENUS BAY,242500,237000,236000,258000,262500,305000,330000,375000,579500,672500,613500,153
VERMONT,610000,725000,855000,900000,1065000,980000,935500,1000000,1226500,1200000,1235000,102
VERMONT SOUTH,722500,815000,1000000,1082500,1200500,1150000,1165000,1200000,1420000,1418000,1533000,112
VIEWBANK,630000,725000,829500,920000,1000000,933000,920000,985000,1238000,1220000,1195000,90
VIOLET TOWN,215000,199500,200000,238500,217000,242500,287500,328500,381500,385000,499500,132
WAHGUNYAH,190000,213500,267000,290000,270000,240000,355000,320000,379000,517500,375000,97
WALLAN,341500,356000,362000,375000,425000,490000,480000,520000,580000,625000,620000,82
WALLAN EAST,310000,306500,309500,352500,410000,500000,457000,490000,575000,610000,600000,94
WANDANA HEIGHTS,540000,582000,590000,592500,645000,700000,766500,827000,925000,1135000,1015000,88
WANDIN NORTH,407500,439500,480000,496500,665000,665000,630000,715000,765000,805000,773000,90
WANDONG,397500,332000,297500,400000,492500,494000,452500,640000,700000,719000,762500,92
WANGARATTA,240000,255000,272000,270500,270000,320000,319000,356500,425000,530000,525000,119
WANTIRNA,576000,667500,764000,801000,953000,906500,850000,907000,1065000,1105000,1150000,100
WANTIRNA SOUTH,579000,676500,829000,875000,1005000,1000000,988500,1015000,1223500,1225000,1322000,128
WARBURTON,310000,315000,325000,366000,418000,495000,512500,543000,675000,733500,695000,124
WARRACKNABEAL,107500,110000,110000,123500,113000,112500,118000,141000,180000,228500,240000,123
WARRAGUL,315000,320000,342000,340000,365000,449000,460000,498000,580000,653500,646000,105
WARRANDYTE,640000,760000,829000,890000,1042500,1110000,994000,996000,1285000,1300000,1262000,97
WARRANWOOD,605500,665000,790000,865000,943500,1010000,935000,962000,1145000,1350000,1197500,98
WARRNAMBOOL,325000,323000,330000,320000,330000,350000,370000,415000,520000,602000,605000,86
WATERWAYS,667000,845000,902000,1050000,1127500,1110000,1285000,1408000,1445000,1600000,1690000,153
WATSONIA,505000,555000,607500,698000,835000,795000,736000,790000,980000,908500,875500,73
WATSONIA NORTH,510000,572500,635000,702500,790000,770000,726500,795000,962500,897500,930000,82
WATTLE GLEN,475000,500500,569000,580000,620000,810000,778500,810000,924000,950000,890000,87
WAURN PONDS,446500,470000,480000,501000,530000,621500,641500,671000,727500,801500,826500,85
WEDDERBURN,154000,137500,110000,150000,155000,130000,138500,150000,179000,310000,300000,95
WEIR VIEWS,327500,388000,389000,418000,440000,470000,465000,495500,525500,575000,560000,71
WENDOUREE,243000,247000,250000,252500,267500,326000,335000,370000,465000,495000,470000,93
WENDOUREE WEST,190000,165000,207500,185000,200000,245000,259000,300000,380000,390000,365000,92
WERRIBEE,309000,315000,335000,403000,470000,510000,500000,515500,570000,612000,610000,97
WERRIBEE SOUTH,538000,585000,680000,540000,650000,735000,744500,650000,822500,880000,930000,73
WESBURN,312500,288500,395000,455000,455000,463500,530000,532000,665000,661000,642500,106
WEST FOOTSCRAY,553000,637500,697000,798000,887500,875000,785000,835000,1051500,960500,915000,65
WEST MELBOURNE,905000,916000,1005000,1104500,1350000,1370000,1017500,1215000,1280000,1387500,1215000,34
WEST WODONGA,272500,296000,306000,308500,321000,322000,342500,370000,428000,515000,545000,100
WESTALL,511500,550000,610000,695500,780000,800000,748000,739000,855000,897500,858000,68
WESTGARTH,920000,1100000,1300000,1500000,1383000,1707500,1485000,1566000,2087500,1912500,1910000,108
WESTMEADOWS,386500,419000,470000,500000,566000,620000,620000,605000,716000,700000,727500,88
WHEELERS HILL,740000,805000,999000,1050000,1160000,1118500,1010000,1173500,1371000,1450000,1509000,104
WHITE HILLS,280000,306000,297500,305000,300000,313500,330000,355000,470000,510000,495000,77
WHITTINGTON,259000,262000,280000,265000,316500,395000,377500,408000,485000,532500,500000,93
WHITTLESEA,375000,375000,400000,448500,469500,577500,581000,610000,675000,740000,760000,103
WILLIAMS LANDING,470000,450000,510000,530000,600000,685000,657000,680000,760000,795000,799500,70
WILLIAMSTOWN,920000,970000,1120000,1282500,1440000,1415000,1350000,1402500,1592500,1650500,1580000,72
WILLIAMSTOWN NORTH,768000,803500,862500,1135500,1003000,880000,965000,905000,1250000,1021500,1275000,66
WILLOW GROVE,235000,172500,135000,195000,230000,280000,388000,427500,427500,452500,600000,155
WIMBLEDON HEIGHTS,271500,310000,291500,299000,334000,410000,386500,435000,592000,670000,620000,128
WINCHELSEA,287000,287500,262000,267000,357000,391000,430000,480000,552500,640000,642500,124
WINDSOR,835000,956500,1094000,1505000,1420000,1422500,1350000,1350000,1645000,1650000,1460000,75
WINTER VALLEY,344500,360000,365000,362500,375000,405000,435000,470000,573500,617500,580000,68
WODONGA,282500,295000,295000,315000,341500,350000,331500,348000,439500,520000,545000,93
WOLLERT,400000,395000,432000,460000,520000,538000,570000,573000,625000,703500,705000,76
WONGA PARK,674500,673500,735000,801000,962500,1150000,1102000,1077500,1248000,1415000,1265000,88
WONTHAGGI,225000,251000,262000,265000,284500,339000,375000,405000,550000,602000,555000,147
WOODEND,470000,460000,482500,460000,560000,665000,747500,765000,895000,870000,965000,105
WOOLAMAI WATERS,349000,381500,340000,375000,418000,469500,495500,560000,762500,874500,779000,123
WOORI YALLOCK,330000,317000,358000,391500,480000,520000,510000,552000,635000,670000,652000,98
WY YUNG,285000,285000,290000,333500,328000,315000,349000,370000,453000,492500,547500,92
WYCHEPROOF,95000,103000,100000,82500,100000,124500,141500,131000,170000,185000,203500,114
WYNDHAM VALE,288000,306000,325000,365000,435500,474000,460500,480000,525000,580000,580000,101
YACKANDANDAH,327500,318000,300000,392500,445500,472500,497500,490000,669000,653000,760000,132
YALLAMBIE,532500,579500,665000,713500,781000,810000,792500,832500,990000,1023000,942000,77
YALLOURN NORTH,135000,149500,153000,165500,180000,172000,191000,206000,263000,325000,319500,136
YARRA GLEN,420000,460000,530000,540000,620000,670000,670000,732500,850500,800000,784500,87
YARRA JUNCTION,406500,357500,417500,422500,537500,562500,582500,595000,687000,710000,705000,73
YARRAGON,258000,297000,284000,300000,280000,390000,410000,414000,582500,595000,645000,150
YARRAM,190000,202500,245000,230000,225000,218000,240000,260000,360000,470000,395000,108
YARRAVILLE,696000,710000,810000,900500,1000000,1045000,971000,1030000,1185000,1210000,1100000,58
YARRAWONGA,302500,297000,300500,320000,324500,345000,375000,456500,564500,670000,640000,112
YEA,260000,255000,260000,305000,385000,390000,435500,422500,570000,617500,550000,112
YINNAR,220000,240000,182500,230000,270000,245000,255000,292500,465000,550500,567500,158